,0
servic,5516
compani,4400
technolog,4165
provid,4117
busi,3693
solut,3568
custom,3329
manag,3002
develop,2882
product,2670
help,2567
client,2514
world,2298
data,2221
experi,2212
platform,2165
work,2122
inform,2013
us,1990
make,1962
use,1961
team,1889
market,1881
learn,1878
de,1870
offer,1856
softwar,1828
includ,1826
peopl,1800
deliv,1740
need,1731
design,1709
new,1674
mobil,1629
creat,1617
innov,1602
commun,1593
support,1535
app,1515
system,1501
onlin,1481
industri,1475
global,1462
partner,1459
digit,1458
time,1430
one,1361
process,1360
educ,1353
integr,1336
connect,1330
oper,1317
best,1310
train,1299
everi,1268
build,1263
lead,1221
brand,1213
student,1196
profession,1175
way,1127
success,1126
tool,1102
year,1101
network,1011
chang,1008
qualiti,1006
improv,999
mission,990
also,987
user,986
across,980
project,968
grow,963
enabl,959
applic,955
organ,947
get,941
program,934
base,931
power,922
found,908
locat,904
access,898
engag,896
valu,882
visit,878
content,867
million,866
financi,864
media,863
person,852
school,841
consum,806
live,805
social,801
uniqu,798
secur,791
inc,783
better,776
