,Words,Frequency
0,de,980
1,student,641
2,learn,622
3,provid,619
4,educ,610
5,help,523
6,world,491
7,school,486
8,compani,473
9,servic,472
10,app,453
11,e,432
12,develop,432
13,onlin,407
14,peopl,396
15,product,386
16,train,382
17,new,377
18,make,370
19,work,356
20,experi,354
21,commun,352
22,offer,348
23,use,347
24,creat,338
25,program,337
26,us,321
27,en,305
28,get,305
29,technolog,297
30,way,286
31,design,279
32,person,279
33,profession,272
34,need,269
35,one,257
36,live,253
37,manag,252
38,mission,250
39,custom,247
40,mobil,239
41,best,239
42,tool,237
43,digit,232
44,home,231
45,includ,230
46,time,228
47,skill,222
48,children,219
49,inform,216
50,que,215
51,build,215
52,solut,213
53,access,210
54,innov,209
55,social,207
56,deliv,205
57,everi,205
58,year,201
59,la,195
60,support,195
61,share,190
62,health,190
63,found,190
64,team,189
65,cours,188
66,market,187
67,connect,185
68,improv,184
69,also,184
70,qualiti,182
71,lead,182
72,first,179
73,power,174
74,para,174
75,start,173
76,busi,173
77,content,172
78,game,170
79,million,169
80,base,168
81,colleg,168
82,famili,166
83,music,166
84,better,166
85,believ,165
86,financi,160
87,want,160
88,uniqu,157
89,individu,157
90,store,157
91,travel,156
92,career,154
93,goal,153
94,high,153
95,book,152
96,visit,151
97,life,151
98,find,145
99,futur,145
100,practic,145
101,system,143
102,bring,141
103,care,140
104,web,140
105,leader,139
106,success,138
107,user,138
108,chang,138
109,well,137
110,today,137
111,love,136
112,global,134
113,partner,133
114,commit,132
115,center,131
116,around,130
117,money,130
118,em,128
119,softwar,128
120,day,127
121,creativ,125
122,network,125
123,look,124
124,et,124
125,plan,124
126,teach,123
127,video,123
128,activ,121
129,interact,121
130,opportun,120
131,effect,120
132,data,120
133,save,120
134,le,120
135,passion,120
136,real,120
137,univers,118
138,inc,118
139,fit,117
140,allow,117
141,startup,117
142,empow,117
143,coach,116
144,organ,116
145,meet,116
146,parent,116
147,simpl,115
148,free,115
149,result,115
150,inspir,114
151,media,114
152,grow,113
153,scienc,113
154,smart,113
155,websit,113
156,engag,112
157,give,112
158,member,111
159,vision,111
160,current,111
161,academ,110
162,intern,110
163,dog,110
164,industri,110
165,consum,109
166,locat,109
167,learner,109
168,brand,107
169,avail,107
170,knowledg,107
171,state,107
172,class,107
173,invest,106
174,combin,106
175,continu,106
176,oper,105
177,teacher,105
178,sinc,104
179,becom,103
180,like,103
181,join,103
182,focu,102
183,process,102
184,platform,102
185,across,101
186,set,101
187,client,101
188,test,99
189,place,99
190,valu,98
191,instruct,98
192,prepar,98
193,easi,98
194,dedic,98
195,com,98
196,languag,98
197,achiev,98
198,group,97
199,take,96
200,discov,96
201,challeng,95
202,complet,95
203,da,95
204,top,94
205,perform,93
206,everyon,93
207,research,93
208,bank,91
209,gener,91
210,institut,90
211,countri,90
212,choic,90
213,art,89
214,level,88
215,collect,88
216,applic,88
217,transform,88
218,credit,87
219,og,87
220,within,87
221,know,86
222,right,85
223,price,85
224,certif,85
225,largest,85
226,enabl,85
227,great,85
228,resourc,84
229,thousand,84
230,understand,84
231,serv,83
232,comput,83
233,kid,83
234,lo,83
235,di,83
236,see,83
237,public,83
238,consult,82
239,privat,82
240,retail,82
241,follow,82
242,read,81
243,con,81
244,open,80
245,featur,80
246,graduat,80
247,entertain,79
248,engin,79
249,next,79
250,advanc,79
251,intellig,79
252,tutor,79
253,1,78
254,tax,78
255,child,78
256,weve,78
257,interest,77
258,produc,77
259,integr,76
260,part,76
261,artist,76
262,un,76
263,motiv,75
264,energi,75
265,job,75
266,environ,75
267,think,75
268,go,74
269,io,74
270,district,74
271,vi,74
272,event,74
273,age,74
274,expand,74
275,come,73
276,expert,73
277,talent,73
278,reach,73
279,fun,73
280,marketplac,72
281,offic,72
282,download,72
283,call,72
284,curriculum,72
285,play,71
286,launch,71
287,leadership,71
288,daili,71
289,track,70
290,unit,70
291,aim,70
292,worldwid,69
293,receiv,69
294,uma,69
295,special,69
296,nation,69
297,full,69
298,academi,68
299,tap,68
300,local,68
301,shop,68
302,est,68
303,space,68
304,standard,68
305,project,67
306,togeth,67
307,differ,67
308,enjoy,66
309,york,66
310,afford,66
311,growth,66
312,other,65
313,und,65
314,approach,65
315,investor,65
316,staff,64
317,physic,64
318,beauti,64
319,destin,64
320,built,64
321,android,64
322,area,64
323,materi,63
324,alway,63
325,devic,63
326,increas,63
327,buy,63
328,sale,63
329,headquart,62
330,sell,62
331,your,62
332,friend,61
333,dont,61
334,focus,61
335,schedul,61
336,requir,61
337,possibl,61
338,du,61
339,studi,61
340,idea,61
341,ever,60
342,feel,60
343,phone,60
344,particip,60
345,internet,60
346,human,60
347,associ,59
348,whether,59
349,code,59
350,collabor,59
351,med,59
352,secur,59
353,enhanc,58
354,excel,58
355,cost,58
356,trade,58
357,let,58
358,medic,58
359,distribut,57
360,explor,57
361,se,57
362,divers,57
363,throughout,57
364,match,57
365,english,56
366,classroom,56
367,mani,56
368,tradit,56
369,empresa,56
370,foundat,56
371,na,55
372,highest,55
373,trust,55
374,park,55
375,pay,55
376,grade,55
377,el,55
378,um,55
379,consist,55
380,card,55
381,stay,54
382,facebook,54
383,conveni,54
384,drive,54
385,benefit,54
386,account,54
387,assist,54
388,rang,53
389,review,53
390,mean,53
391,search,53
392,thing,53
393,googl,53
394,pleas,53
395,degre,53
396,young,52
397,two,52
398,2,52
399,lesson,52
400,citi,52
401,lab,52
402,patient,52
403,equip,52
404,facil,51
405,deliveri,51
406,comprehens,51
407,smartphon,51
408,car,51
409,plu,51
410,establish,51
411,employe,51
412,er,50
413,publish,50
414,site,50
415,pessoa,50
416,insur,50
417,email,50
418,seek,50
419,back,50
420,along,50
421,50,50
422,guid,50
423,studio,50
424,small,50
425,fund,50
426,nosso,50
427,mai,50
428,via,49
429,origin,49
430,impact,49
431,healthcar,49
432,coffe,49
433,much,49
434,demand,49
435,award,49
436,name,48
437,control,48
438,uk,48
439,twitter,48
440,write,48
441,del,48
442,summer,48
443,insight,48
444,earli,48
445,posit,48
446,ensur,47
447,journey,47
448,addit,47
449,firm,47
450,sign,47
451,discoveri,47
452,even,47
453,keep,47
454,bitcoin,46
455,tech,46
456,ventur,46
457,cultur,46
458,import,46
459,ultim,46
460,accredit,46
461,det,46
462,instagram,46
463,spend,46
464,properti,45
465,promot,45
466,experienc,45
467,100,45
468,that,45
469,instructor,45
470,r,45
471,without,45
472,question,45
473,capit,45
474,guess,45
475,women,44
476,appl,44
477,feedback,44
478,heart,44
479,onemind,44
480,select,44
481,virtual,44
482,week,44
483,board,44
484,employ,44
485,behavior,44
486,american,44
487,christian,44
488,field,44
489,iphon,43
490,san,43
491,never,43
492,visual,43
493,expertis,43
494,mind,43
495,per,43
496,minut,43
497,earn,43
498,technic,43
499,check,43
500,send,43
501,sua,43
502,seu,43
503,step,43
504,add,42
505,good,42
506,purchas,42
507,loan,42
508,deal,42
509,action,42
510,categori,42
511,te,42
512,os,42
513,present,42
514,p,42
515,por,42
516,recogn,42
517,trip,41
518,al,41
519,leverag,41
520,potenti,41
521,london,41
522,estat,41
523,order,41
524,adventur,41
525,enrich,41
526,hire,41
527,model,41
528,core,41
529,flexibl,40
530,som,40
531,reward,40
532,owner,40
533,die,40
534,anywher,40
535,record,40
536,sustain,40
537,background,40
538,appli,40
539,made,40
540,host,40
541,hour,40
542,food,40
543,excit,39
544,pain,39
545,proven,39
546,show,39
547,tu,39
548,natur,39
549,master,39
550,problem,39
551,2015,39
552,247,39
553,latest,39
554,counti,39
555,recip,39
556,confid,39
557,safeti,39
558,happi,38
559,indoor,38
560,relationship,38
561,legal,38
562,agenc,38
563,certifi,38
564,moment,38
565,comfort,38
566,toward,38
567,far,38
568,advic,38
569,big,38
570,preschool,38
571,seri,38
572,relev,37
573,turn,37
574,list,37
575,distanc,37
576,enthusiast,37
577,month,37
578,aspir,37
579,acceler,37
580,musician,37
581,albert,37
582,europ,37
583,edg,37
584,decis,37
585,beyond,37
586,15,37
587,highli,36
588,hous,36
589,issu,36
590,expat,36
591,somo,36
592,measur,36
593,easili,36
594,corpor,36
595,campu,36
596,methodolog,36
597,fast,36
598,2014,36
599,como,36
600,cloth,36
601,abl,36
602,may,36
603,3,36
604,strategi,36
605,hold,35
606,tour,35
607,proud,35
608,matter,35
609,tri,35
610,respons,35
611,pilot,35
612,independ,35
613,major,35
614,choos,35
615,progress,35
616,fan,35
617,direct,35
618,transpar,35
619,singl,35
620,varieti,35
621,contact,35
622,exam,35
623,artifici,34
624,number,34
625,street,34
626,someth,34
627,analysi,34
628,wide,34
629,guest,34
630,everyth,34
631,date,34
632,ai,34
633,hand,34
634,todo,34
635,une,34
636,safe,33
637,option,33
638,nossa,33
639,healthier,33
640,updat,33
641,key,33
642,hardwar,33
643,depart,33
644,limit,33
645,rate,33
646,nonprofit,33
647,move,33
648,amaz,33
649,produto,33
650,reduc,33
651,har,33
652,util,33
653,elearn,33
654,realtim,33
655,target,33
656,hard,33
657,tecnologia,33
658,readi,33
659,reliabl,33
660,specialist,33
661,word,33
662,plataforma,32
663,workout,32
664,lifestyl,32
665,gift,32
666,een,32
667,solv,32
668,strateg,32
669,charter,32
670,structur,32
671,suit,32
672,healthi,32
673,quickli,32
674,adapt,32
675,cloud,32
676,last,32
677,rental,32
678,storag,32
679,texa,32
680,therapi,32
681,assess,32
682,middl,32
683,style,32
684,awardwin,32
685,multipl,32
686,il,31
687,dynam,31
688,til,31
689,stream,31
690,topic,31
691,fr,31
692,no,31
693,littl,31
694,specif,31
695,wallet,31
696,film,31
697,cover,31
698,welcom,31
699,captur,31
700,una,31
701,ticket,31
702,electr,31
703,put,31
704,begin,31
705,ship,31
706,dan,31
707,handson,31
708,cash,31
709,melhor,31
710,exist,31
711,desir,30
712,je,30
713,audio,30
714,200,30
715,nuestro,30
716,stori,30
717,expect,30
718,photo,30
719,later,30
720,strive,30
721,einstein,30
722,au,30
723,point,30
724,mit,30
725,america,30
726,40,30
727,complianc,30
728,20,30
729,item,30
730,govern,30
731,billion,30
732,tablet,30
733,madrid,30
734,placement,29
735,enrol,29
736,valley,29
737,globe,29
738,trainer,29
739,sever,29
740,immers,29
741,audienc,29
742,6,29
743,programm,29
744,south,29
745,sport,29
746,tailor,29
747,flood,29
748,francisco,29
749,express,29
750,blend,29
751,och,29
752,clean,29
753,watch,29
754,10,29
755,democrat,29
756,k12,29
757,scholar,29
758,driven,29
759,bodi,29
760,maintain,29
761,view,29
762,extens,28
763,youll,28
764,centuri,28
765,respect,28
766,financ,28
767,exchang,28
768,favorit,28
769,score,28
770,principl,28
771,surescor,28
772,entir,28
773,effici,28
774,method,28
775,comunidad,28
776,treatment,28
777,sie,28
778,autom,28
779,premier,28
780,own,28
781,room,28
782,exercis,28
783,print,28
784,affili,28
785,portfolio,28
786,pioneer,28
787,instantli,27
788,subscript,27
789,abil,27
790,pursu,27
791,past,27
792,asset,27
793,ao,27
794,handl,27
795,north,27
796,bill,27
797,administr,27
798,risk,27
799,higher,27
800,must,27
801,act,27
802,entrepreneur,27
803,apart,27
804,2010,27
805,outcom,27
806,sourc,27
807,lendedu,27
808,yet,27
809,anyon,27
810,2018,27
811,sur,27
812,report,27
813,negcio,27
814,what,27
815,tea,27
816,initi,27
817,california,27
818,silicon,27
819,athlet,26
820,payment,26
821,luxuri,26
822,agent,26
823,constantli,26
824,mental,26
825,involv,26
826,thrive,26
827,relat,26
828,incorpor,26
829,directli,26
830,adult,26
831,2016,26
832,succeed,26
833,wish,26
834,critic,26
835,500,26
836,truli,26
837,etc,26
838,modern,26
839,leur,26
840,insid,26
841,partnership,26
842,su,26
843,fellow,26
844,alreadi,26
845,capabl,25
846,analyt,25
847,recommend,25
848,second,25
849,yoga,25
850,estamo,25
851,monitor,25
852,road,25
853,gear,25
854,israelita,25
855,transfer,25
856,everyday,25
857,hotel,25
858,smartpen,25
859,less,25
860,n,25
861,fastest,25
862,medicin,25
863,compar,25
864,proprietari,25
865,strong,25
866,ondemand,25
867,av,25
868,blog,25
869,line,25
870,format,25
871,decid,25
872,fli,25
873,whole,25
874,footbal,25
875,pet,25
876,voc,25
877,end,25
878,founder,25
879,societi,25
880,electron,25
881,total,25
882,livescrib,25
883,budget,25
884,celebr,25
885,taught,24
886,es,24
887,season,24
888,mejor,24
889,professor,24
890,page,24
891,paid,24
892,4,24
893,wizard,24
894,franc,24
895,facilit,24
896,happen,24
897,abroad,24
898,could,24
899,ecosystem,24
900,im,24
901,selfridg,24
902,literaci,24
903,easier,24
904,identifi,24
905,curat,24
906,30,24
907,close,24
908,count,24
909,sound,24
910,histori,24
911,chat,24
912,nel,24
913,fulli,24
914,bachelor,24
915,hear,24
916,case,24
917,outstand,24
918,ad,24
919,pour,24
920,fce,24
921,techniqu,24
922,complex,24
923,academica,24
924,faster,24
925,pristin,24
926,planner,24
927,region,24
928,face,24
929,manufactur,23
930,actual,23
931,der,23
932,task,23
933,imagin,23
934,brasil,23
935,angel,23
936,incom,23
937,1000,23
938,spain,23
939,ved,23
940,reinvent,23
941,neighborhood,23
942,het,23
943,landscap,23
944,effort,23
945,van,23
946,theyr,23
947,cada,23
948,five,23
949,sociedad,23
950,montessori,23
951,win,23
952,informao,22
953,smarter,22
954,address,22
955,air,22
956,att,22
957,sweet,22
958,brain,22
959,stop,22
960,upon,22
961,run,22
962,optim,22
963,holiday,22
964,function,22
965,cut,22
966,workshop,22
967,oneonon,22
968,resultado,22
969,race,22
970,llc,22
971,perfect,22
972,ebook,22
973,do,22
974,protect,22
975,florida,22
976,balanc,22
977,conduct,22
978,resid,22
979,ask,22
980,youth,22
981,foster,22
982,leav,22
983,invit,21
984,notr,21
985,bce,21
986,sens,21
987,forward,21
988,imag,21
989,instant,21
990,enter,21
991,popular,21
992,camp,21
993,variou,21
994,nationwid,21
995,grand,21
996,except,21
997,accur,21
998,highqual,21
999,ipad,21
